<?xml version="1.0" encoding="UTF-8"?>
<project-private xmlns="http://www.netbeans.org/ns/project-private/1">
    <editor-bookmarks xmlns="http://www.netbeans.org/ns/editor-bookmarks/2" lastBookmarkId="0"/>
    <open-files xmlns="http://www.netbeans.org/ns/projectui-open-files/2">
        <group>
            <file>file:/D:/tiket_kereta/src/tiket_kereta/index.java</file>
            <file>file:/D:/tiket_kereta/src/tiket_kereta/penumpang.java</file>
            <file>file:/D:/tiket_kereta/src/tiket_kereta/koneksi.java</file>
            <file>file:/D:/tiket_kereta/src/tiket_kereta/beranda.java</file>
            <file>file:/D:/tiket_kereta/src/tiket_kereta/admin.java</file>
            <file>file:/D:/tiket_kereta/src/tiket_kereta/login.java</file>
        </group>
    </open-files>
</project-private>
